<?xml version="1.0" encoding="UTF-8"?>
<!-- Value between [] brackets, for example [#FFFFFF] shows default value which is used if this parameter is not set -->
<!-- This means, that if you are happy with this value, you can delete this line at all and reduce file size -->
<!-- value or explanation between () brackets shows the range or type of values you should use for this parameter -->
<!-- the top left corner has coordinates x = 0, y = 0                                                                -->
<!-- "!" before x or y position (for example: <x>!20</x>) means that the coordinate will be calculated from the right side or the bottom -->
<settings> 
  <decimals_separator>.</decimals_separator>                             
  <font>Arial</font>                                         <!-- [Arial] (font name) use device fonts, such as Arial, Times New Roman, Tahoma, Verdana... -->
  <text_size></text_size>                                     <!-- [11] (Number) text size of all texts. Every text size can be set individually in the settings below -->
  <text_color></text_color>                                   <!-- [#000000] (hex color code) main text color. Every text color can be set individually in the settings below-->                        <!-- [1000000000000000] If absolute value of your number is equal or bigger then scientific_max, this number will be formatted using scientific notation, for example: 15000000000000000 -> 1.5e16 -->
  <redraw></redraw>                                           <!-- [false] (true / false) if your chart's width or height is set in percents, and redraw is set to true, the chart will be redrawn then screen size changes -->                                  <!-- [2] (Number) shows how many numbers should be shown after comma for calculated values (percents) -->
  <depth>20</depth>                                           <!-- [0] (Number) the depth of chart and columns (for 3D effect) -->
  <angle>25</angle>                                           <!-- [30] (0 - 90) angle of chart area and columns (for 3D effect) -->
  <colors>add981,FEC514,DAF0FD,7F8DA9</colors>                                         <!-- [#FF6600,#FCD202,#B0DE09,#0D8ECF,#2A0CD0,#CD0D74,#CC0000,#00CC00,#0000CC,#DDDDDD,#999999,#333333,#990000] Colors of graphs. if the graph color is not set, color from this array will be used -->
  <column>
    <type>stacked</type>                                 <!-- [clustered] (clustered, stacked, 100% stacked, 3d column) -->
    <width>70</width>                                         <!-- [80] (0 - 100) width of column (in percents)  -->
    <spacing>3</spacing>                                      <!-- [5] (Number) space between columns of one category axis value, in pixels. Negative values can be used. -->
    <grow_time></grow_time>                                  <!-- [0] (Number) grow time in seconds. Leave 0 to appear instantly -->
    <grow_effect>elastic</grow_effect>                         <!-- [elastic] (elastic, regular, strong) -->    
    <sequenced_grow></sequenced_grow>                         <!-- [false] (true / false) whether columns should grow at the same time or one after another -->
    <alpha>100</alpha>                                         <!-- [100] (Number) alpha of all columns -->
    <border_color></border_color>                             <!-- [#FFFFFF] (hex color code) -->
    <border_alpha></border_alpha>                             <!-- [0] (Number) -->

    <balloon_text>                                                    
      <![CDATA[{series} :{value}</b>]]>                                            <!-- [] ({title} {value} {series} {percents} {start} {difference} {total}) You can format any data label: {title} will be replaced with real title, {value} - with value and so on. You can add your own text or html code too. -->
    </balloon_text>    
  </column>
  
  <background>
    <color>CCFFFF</color>
    <alpha>100</alpha>
  </background>
     
  <plot_area>                                                 <!-- PLOT AREA (the area between axes) -->
    <color>999999</color>                                           <!-- [#FFFFFF](hex color code) Separate color codes with comas for gradient -->
    <alpha>60</alpha>                                           <!-- [0] (0 - 100) if you want it to be different than background color, use bigger than 0 value -->
    <border_color></border_color>                             <!-- [#000000] (hex color code) -->                                        
    <border_alpha></border_alpha>                             <!-- [0] (0 - 100) -->                                            
    <margins>                                                 <!-- plot area margins -->
      <left>170</left>                                         <!-- [60](Number / Number%) --> 
      <top>80</top>                                           <!-- [60](Number / Number%) --> 
      <right>170</right>                                      <!-- [60](Number / Number%) -->
      <bottom>90</bottom>                                     <!-- [80](Number / Number%) -->
    </margins>
  </plot_area>
  
  <grid>
    <category>
      <alpha>0</alpha>
    </category>
    <value>
      <alpha>28</alpha>
      <fill_color></fill_color>
    </value>
  </grid>
  
  <values>                                                    <!-- VALUES -->
    <category>                                                <!-- category axis -->
      <enabled></enabled>                                     <!-- [true] (true / false) -->
      <frequency></frequency>                                 <!-- [1] (Number) how often values should be placed -->
      <start_from></start_from>                               <!-- [1] (Number) you can set series from which category values will be displayed -->
      <rotate>45</rotate>                                       <!-- [0] (0 - 90) angle of rotation. If you want to rotate by degree from 1 to 89, you must have font.swf file in fonts folder -->      
      <color></color>                                         <!-- [text_color] (hex color code) -->
      <text_size></text_size>                                 <!-- [text_size] (Number) -->
      <inside></inside>                                       <!-- [false] (true / false) if set to true, axis values will be displayed inside plot area. This setting will not work for values rotated by 1-89 degrees (0 and 90 only) -->          
    </category>
    <value>                                                   <!-- value axis -->
      <enabled></enabled>                                <!-- [true] (true / false) -->
      <reverse></reverse>                                     <!-- [false] (true / false) whether to reverse this axis values or not. If set to true, values will start from biggest number and will end with a smallest number -->    
      <min>0</min>                                            <!-- [] (Number) minimum value of this axis. If empty, this value will be calculated automatically. -->
      <max></max>                                             <!-- [] (Number) maximum value of this axis. If empty, this value will be calculated automatically -->
      <strict_min_max></strict_min_max>                       <!-- [false] (true / false) by default, if your values are bigger then defined max (or smaller then defined min), max and min is changed so that all the chart would fit to chart area. If you don't want this, set this option to true. -->
      <frequency></frequency>                                 <!-- [1] (Number) how often values should be placed, 1 - near every gridline, 2 - near every second gridline... -->
      <rotate></rotate>                                       <!-- [0] (0 - 90) angle of rotation. If you want to rotate by degree from 1 to 89, you must have font.swf file in fonts folder -->      
      <skip_first></skip_first>                               <!-- [true] (true / false) to skip or not first value -->
      <skip_last></skip_last>                                 <!-- [false] (true / false) to skip or not last value -->
      <color></color>                                         <!-- [text_color] (hex color code) --> 
      <text_size></text_size>                                 <!-- [text_size] (Number) -->
      <unit></unit>                                          <!-- [] (text) -->
      <unit_position></unit_position>                         <!-- [right] (right / left) -->
      <integers_only></integers_only>                         <!-- [false] (true / false) if set to true, values with decimals will be omitted -->
      <inside></inside>                                       <!-- [false] (true / false) if set to true, axis values will be displayed inside plot area. This setting will not work for values rotated by 1-89 degrees (0 and 90 only) -->
      <duration></duration>                                   <!-- [] (ss/mm/hh/DD) In case you want your axis to display formatted durations instead of numbers, you have to set the unit of the duration in your data file. For example, if your values in data file represents seconds, set "ss" here.-->                   
    </value>
  </values>
  
  <axes>                                                      <!-- axes -->
    <category>                                                <!-- category axis -->
      <color></color>                                         <!-- [#000000] (hex color code) -->
      <alpha>0</alpha>                                        <!-- [100] (0 - 100) -->
      <width></width>                                         <!-- [2] (Number) line width, 0 for hairline -->
      <tick_length></tick_length>                             <!-- [7] (Number) -->
    </category>
    <value>                                                   <!-- value axis -->
      <color></color>                                         <!-- [#000000] (hex color code) -->
      <alpha>0</alpha>                                        <!-- [100] (0 - 100) -->
      <width></width>                                         <!-- [2] (Number) line width, 0 for hairline -->
      <tick_length>7</tick_length>                            <!-- [7] (Number) -->
      <logarithmic></logarithmic>                             <!-- [false] (true / false) If set to true, this axis will use logarithmic scale instead of linear -->
    </value>
  </axes>  
  
  <balloon>                                                   <!-- BALLOON -->
    <enabled></enabled>                                       <!-- [true] (true / false) -->
    <color></color>                                           <!-- [] (hex color code) balloon background color. If empty, slightly darker then current column color will be used -->
    <alpha>75</alpha>                                         <!-- [100] (0 - 100) -->
    <text_color></text_color>                                 <!-- [0xFFFFFF] (hex color code) -->
    <text_size>13</text_size>                                 <!-- [text_size] (Number) -->    
    <max_width>1000</max_width>                                   <!-- [220] (Number) The maximum width of a balloon -->
    <corner_radius>5</corner_radius>                          <!-- [0] (Number) Corner radius of a balloon. If you set it > 0, the balloon will not display arrow -->
    <border_width>3</border_width>                            <!-- [0] (Number) -->
    <border_alpha>50</border_alpha>                           <!-- [balloon.alpha] (Number) -->
    <border_color>#000000</border_color>                      <!-- [balloon.color] (hex color code) -->    
  </balloon>
    
  <legend>                                                    <!-- LEGEND -->
    <enabled></enabled>                                       <!-- [true] (true / false) -->
    <x></x>                                                <!-- [] (Number / Number% / !Number) if empty, will be equal to left margin -->
    <y></y>                                                 <!-- [] (Number / Number% / !Number) if empty, will be below plot area -->
    <width></width>                                        <!-- [] (Number / Number%) if empty, will be equal to plot area width -->
    <max_columns></max_columns>                               <!-- [] (Number) the maximum number of columns in the legend -->    
    <color></color>                                           <!-- [#FFFFFF] (hex color code) background color. Separate color codes with comas for gradient -->
    <alpha>0</alpha>                                          <!-- [0] (0 - 100) background alpha -->
    <border_color></border_color>                             <!-- [#000000] (hex color code) border color -->
    <border_alpha></border_alpha>                             <!-- [0] (0 - 100) border alpha -->
    <text_color></text_color>                                 <!-- [text_color] (hex color code) -->   
    <text_size></text_size>                                   <!-- [text_size] (Number) -->
    <spacing>5</spacing>                                      <!-- [10] (Number) vertical and horizontal gap between legend entries -->
    <margins></margins>                                       <!-- [0] (Number) legend margins (space between legend border and legend entries, recommended to use only if legend border is visible or background color is different from chart area background color) -->
    <reverse_order></reverse_order>                       <!-- [false] (true / false) whether to sort legend entries in a reverse order -->    
    <align>center</align>                                           <!-- [left] (left / center / right) alignment of legend entries -->
    <key>                                                     <!-- KEY (the color box near every legend entry) -->
      <size></size>                                           <!-- [16] (Number) key size-->
      <border_color></border_color>                           <!-- [] (hex color code) leave empty if you don't want to have border-->
    </key>
  </legend>  
  
  <export_as_image>                                           <!-- export_as_image feature works only on a web server -->
    <file></file>                                             <!-- [] (filename) if you set filename here, context menu (then user right clicks on flash movie) "Export as image" will appear. This will allow user to export chart as an image. Collected image data will be posted to this file name (use amcolumn/export.php or amcolumn/export.aspx) -->
    <target></target>                                         <!-- [] (_blank, _top ...) target of a window in which export file must be called -->
    <x></x>                                                   <!-- [0] (Number / Number% / !Number) x position of "Collecting data" text -->
    <y></y>                                                   <!-- [] (Number / Number% / !Number) y position of "Collecting data" text. If not set, will be aligned to the bottom of flash movie -->
    <color></color>                                           <!-- [#BBBB00] (hex color code) background color of "Collecting data" text -->
    <alpha></alpha>                                           <!-- [0] (0 - 100) background alpha -->
    <text_color></text_color>                                 <!-- [text_color] (hex color code) -->
    <text_size></text_size>                                   <!-- [text_size] (Number) -->
  </export_as_image>
  
  <error_messages>                                            <!-- "error_messages" settings will be applied for all error messages except the one which is showed if settings file wasn't found -->
    <enabled></enabled>                                       <!-- [true] (true / false) -->
    <x></x>                                                   <!-- [] (Number / Number% / !Number) x position of error message. If not set, will be aligned to the center -->
    <y></y>                                                   <!-- [] (Number / Number% / !Number) y position of error message. If not set, will be aligned to the center -->
    <color></color>                                           <!-- [#BBBB00] (hex color code) background color of error message. Separate color codes with comas for gradient -->
    <alpha></alpha>                                           <!-- [100] (0 - 100) background alpha -->
    <text_color></text_color>                                 <!-- [#FFFFFF] (hex color code) -->
    <text_size></text_size>                                   <!-- [text_size] (Number) -->
  </error_messages>    
  
  <strings>
    <no_data></no_data>                                       <!-- [No data for selected period] (text) if data is missing, this message will be displayed -->
    <export_as_image></export_as_image>                       <!-- [Export as image] (text) text for right click menu -->
    <collecting_data></collecting_data>                       <!-- [Collecting data] (text) this text is displayed while exporting chart to an image -->
    <!-- the strings below are only important if you format your axis values as durations -->
    <ss></ss>                                                <!-- [] unit of seconds -->
    <mm></mm>                                                <!-- [:] unit of minutes -->
    <hh></hh>                                                <!-- [:] unit of hours -->
    <DD></DD>                                                <!-- [d. ] unit of days -->    
  </strings>  
 
  <context_menu>                                              <!-- context menu allows you to controll right-click menu items. You can add custom menu items to create custom controls -->                                                              
                                                              <!-- "function_name" specifies JavaScript function which will be called when user clicks on this menu. You can pass variables, for example: function_name="alert('something')" -->
                                                              <!-- "title" sets menu item text. Do not use for title: Show all, Zoom in, Zoom out, Print, Settings... -->
                                                              <!-- you can have any number of custom menus. Uncomment the line below to enable this menu and add apropriate JS function to your html file. -->
     
     <!-- <menu function_name="printChart" title="Print chart"></menu> -->
     
     <default_items>
       <zoom></zoom>                                     <!-- [false] (true / false) to show or not flash players zoom menu -->
       <print></print>                                   <!-- [true] (true / false) to show or not flash players print menu -->
     </default_items>
  </context_menu> 
  
  <labels>                                                    <!-- LABELS -->
                                                              <!-- you can add as many labels as you want -->
                                                              <!-- labels can also be added in data xml file, using exactly the same structure like it is here -->
    <label lid="0">
      <x>45</x>                                               <!-- [0] (Number / Number% / !Number) -->
      <y>25</y>                                               <!-- [0] (Number / Number% / !Number) -->
      <rotate></rotate>                                       <!-- [false] (true / false) -->
      <width></width>                                         <!-- [] (Number / Number%) if empty, will stretch from left to right untill label fits -->
      <align></align>                                         <!-- [left] (left / center / right) -->  
      <text_color></text_color>                               <!-- [text_color] (hex color code) button text color -->
      <text_size>14</text_size>                               <!-- [text_size](Number) button text size -->
      <text>                                                  <!-- [] (text) html tags may be used (supports <b>, <i>, <u>, <font>, <a href="">, <br/>. Enter text between []: <![CDATA[your <b>bold</b> and <i>italic</i> text]]>-->
        <![CDATA[<b></b>]]>
      </text>        
    </label>
    
    <label lid="1">
      <x>45</x>                                               
      <y>320</y>                                              
      <width></width>                                         
      <align></align>                                           
      <text_color></text_color>                               
      <text_size></text_size>                                 
      <text>                                                  
        <![CDATA[]]>
      </text>        
    </label>    
  </labels>
  
	<guides>	                                                 <!-- guides are straight lines drawn through all plot area at a give value. Can also be filled with color -->
	<max_min></max_min>                                        <!-- [false] (true / false) whether to include guides' values when calculating min and max of a chart -->
	 <guide>                                                   <!-- there can be any number of quides. guides can also be set in data xml file, using the same syntax as here -->
  	 <behind></behind>                                       <!-- [false] (true / false) whether your guides should appear in front of columns or behind them -->
	   <start_value></start_value>                             <!-- (number) value at which guide should be placed -->
	   <end_value></end_value>                                 <!-- (number) if you set value here too, another quide will be drawn. If you set fill alpha > 0, then the area between these quides will be filled with color -->
	   <title></title>                                         <!-- (string) text which will be displayed near the guide -->
	   <width></width>                                         <!-- [0] (Number) width of a guide line (0 for hairline) -->
	   <color></color>                                         <!-- [#000000] (hex color code) color of guide line -->   
	   <alpha></alpha>                                         <!-- [100] (0 - 100) opacity of guide line -->
	   <fill_color></fill_color>                               <!-- [guide.color] (hex color code) fill color. If not defined, color of a guide will be used. Separate color codes with comas for gradient -->
	   <fill_alpha></fill_alpha>                               <!-- [0] (0 - 100) opacity of a fill -->                                  
	   <inside></inside>                                       <!-- [values.value.inside] whether to place title inside plot area -->
	   <centered></centered>                                   <!-- [true] (true / false) if you have start and end values defined, title can be placed in the middle between these values. If false, it will be placed near start_value -->
	   <rotate></rotate>                                       <!-- [values.value.rotate] (0 - 90) angle of rotation of title. -->
	   <text_size></text_size>                                 <!-- [values.value.text_size] (Number)  -->
	   <text_color></text_color>                               <!-- [values.value.color] (hex color code) -->
     <dashed></dashed>                                       <!-- [false] (true / false) -->
     <dash_length></dash_length>                             <!-- [5] (Number) -->     	   
	 </guide>  
	</guides>    
</settings>
